,NC_000962.3:3877464-3878507+287,NC_000962.3:3877464-3878507+689,NC_000962.3:759807-763325+36,NC_000962.3:759807-763325+97,NC_000962.3:759807-763325+132,NC_000962.3:759807-763325+509,NC_000962.3:759807-763325+606,NC_000962.3:759807-763325+673,NC_000962.3:759807-763325+696,NC_000962.3:759807-763325+801,NC_000962.3:759807-763325+857,NC_000962.3:759807-763325+1133,NC_000962.3:759807-763325+1289,NC_000962.3:759807-763325+1303,NC_000962.3:759807-763325+1304,NC_000962.3:759807-763325+1325,NC_000962.3:759807-763325+1333,NC_000962.3:759807-763325+1334,NC_000962.3:759807-763325+1335,NC_000962.3:759807-763325+1349,NC_000962.3:759807-763325+1471,NC_000962.3:759807-763325+2014,NC_000962.3:759807-763325+2479,NC_000962.3:759807-763325+2728,NC_000962.3:759807-763325+3189,NC_000962.3:759807-763325+3225,NC_000962.3:763370-767320+321,NC_000962.3:763370-767320+1204,NC_000962.3:763370-767320+1297,NC_000962.3:763370-767320+1355,NC_000962.3:763370-767320+1380,NC_000962.3:763370-767320+1432,NC_000962.3:763370-767320+1448,NC_000962.3:763370-767320+1449,NC_000962.3:763370-767320+1451,NC_000962.3:763370-767320+1453,NC_000962.3:763370-767320+1471,NC_000962.3:763370-767320+1519,NC_000962.3:763370-767320+1549,NC_000962.3:763370-767320+1776,NC_000962.3:763370-767320+2093,NC_000962.3:763370-767320+2201,NC_000962.3:763370-767320+2249,NC_000962.3:763370-767320+2290,NC_000962.3:763370-767320+2498,NC_000962.3:763370-767320+2726,NC_000962.3:763370-767320+2843,NC_000962.3:763370-767320+2873,NC_000962.3:763370-767320+3116,NC_000962.3:763370-767320+3119,NC_000962.3:763370-767320+3525,NC_000962.3:763370-767320+3606,Sample,ID,Resistance
0,T,T,T,G,T,T,C,C,C,G,C,T,T,G,A,G,C,A,C,T,A,T,C,A,G,C,C,C,G,T,G,C,T,G,G,G,A,T,G,C,A,C,A,G,C,C,A,C,T,C,T,C,ERR4810461,ERR4810461,R
1,C,T,T,G,T,T,C,C,C,G,T,T,T,G,A,G,C,A,C,T,A,T,C,A,G,C,C,C,G,T,G,C,T,G,G,G,A,T,G,C,A,C,A,G,C,C,A,C,T,C,T,C,ERR4810467,ERR4810467,R
2,T,T,T,G,T,T,C,C,C,G,C,T,T,G,A,G,C,A,C,T,A,T,C,A,G,C,C,C,A,T,G,C,T,G,G,G,A,T,G,C,A,C,A,G,C,C,A,C,T,C,T,C,ERR4810478,ERR4810478,R
3,T,T,T,G,T,T,C,C,C,G,C,T,C,G,A,G,C,A,G,C,A,T,C,A,G,C,C,C,G,T,G,C,T,G,G,G,A,T,G,C,A,C,A,G,C,C,A,C,T,C,T,C,ERR4810486,ERR4810486,R
4,T,T,T,G,T,T,C,C,C,G,C,T,T,G,A,G,C,A,C,C,A,T,C,G,G,T,C,C,G,T,G,C,T,G,G,G,A,T,G,C,A,C,A,G,C,C,A,C,T,C,T,C,ERR4810491,ERR4810491,S
5,T,T,T,G,T,T,C,C,C,G,C,T,T,G,A,G,C,A,C,C,A,T,C,A,G,T,C,C,G,T,G,C,T,G,G,G,A,T,G,C,A,C,A,G,C,C,A,C,T,C,T,C,ERR4810492,ERR4810492,S
6,T,T,T,G,T,T,C,C,C,G,C,T,T,G,A,G,C,A,C,C,A,T,C,A,G,T,C,C,G,T,G,C,T,G,G,G,A,T,G,C,A,C,A,G,C,C,A,C,T,C,T,C,ERR4810493,ERR4810493,S
7,T,T,T,G,T,T,C,C,C,G,C,T,T,G,A,G,C,A,C,C,A,T,C,G,G,T,C,C,G,T,G,C,T,G,G,G,A,T,G,C,A,C,A,G,C,C,A,C,T,C,T,C,ERR4810494,ERR4810494,S
8,T,T,T,G,T,T,C,C,C,G,C,T,T,G,A,G,C,A,C,C,A,T,C,A,G,C,C,C,G,T,G,C,T,G,G,G,A,T,G,C,A,C,A,G,C,C,A,C,T,C,T,C,ERR4810495,ERR4810495,S
9,T,T,T,G,T,T,C,C,C,G,C,T,T,G,A,G,C,A,C,C,A,T,C,G,G,T,C,C,G,T,G,C,T,G,G,G,A,T,G,C,A,C,A,G,C,C,A,C,T,C,T,C,ERR4810497,ERR4810497,S
10,T,T,T,G,T,T,C,C,C,G,C,T,T,G,A,G,C,A,C,C,A,T,C,A,G,C,C,C,G,T,G,C,T,G,G,G,A,T,G,C,A,C,A,G,C,C,A,C,T,C,T,C,ERR4810498,ERR4810498,S
11,T,T,T,G,T,T,C,C,C,G,C,T,T,G,A,G,C,A,C,C,A,T,C,A,G,T,C,C,G,T,G,C,T,G,G,G,A,T,G,C,A,C,A,G,C,C,A,C,T,C,T,C,ERR4810507,ERR4810507,S
12,T,T,T,G,T,T,C,C,C,G,C,T,T,G,A,G,C,A,C,C,A,T,C,A,G,C,C,C,G,T,G,C,T,G,G,G,A,T,G,C,A,C,A,G,C,C,A,C,T,C,T,C,ERR4810512,ERR4810512,S
13,T,T,T,G,T,T,C,C,C,G,C,T,T,G,A,G,C,A,C,C,A,T,C,A,G,C,C,C,G,T,G,C,T,G,G,G,A,T,G,C,A,C,A,G,C,C,A,C,T,C,T,C,ERR4810516,ERR4810516,S
14,T,T,T,G,T,T,C,C,C,G,C,T,T,G,A,G,C,A,C,C,A,T,C,A,G,T,T,C,G,T,G,C,T,G,G,G,A,T,G,C,A,C,A,G,C,C,A,C,T,C,T,C,ERR4810518,ERR4810518,S
15,T,T,T,G,T,T,C,C,C,G,C,T,T,G,A,G,C,A,C,C,A,T,C,A,G,T,C,C,G,T,G,C,T,G,G,G,A,T,G,C,A,C,A,G,C,C,A,T,T,C,T,C,ERR4810520,ERR4810520,S
16,T,T,T,G,T,T,C,C,C,G,C,T,T,G,A,G,C,A,C,C,A,T,C,A,G,C,C,C,G,T,G,C,T,G,G,G,A,T,G,C,A,C,A,G,C,C,A,C,T,C,T,C,ERR4810522,ERR4810522,S
17,T,T,T,G,T,T,C,C,C,G,C,T,T,G,A,G,C,A,C,C,A,T,C,A,G,T,C,C,G,T,G,C,T,G,G,G,A,T,G,C,A,C,A,G,C,C,A,C,T,C,T,C,ERR4810524,ERR4810524,S
18,T,T,T,G,T,T,C,C,T,G,C,T,T,G,A,G,C,A,C,C,A,T,C,A,G,T,C,C,G,T,G,C,T,G,G,G,A,T,G,C,A,C,A,G,C,C,A,C,T,C,T,C,ERR4810526,ERR4810526,S
19,T,T,T,G,T,T,C,C,C,G,C,T,T,G,A,G,C,A,C,C,A,T,C,A,G,T,C,C,G,T,G,C,T,G,G,G,A,T,G,C,A,C,A,G,C,C,A,C,T,C,T,C,ERR4810529,ERR4810529,S
20,T,T,T,G,T,T,C,C,C,G,C,T,T,G,A,G,C,A,C,C,A,T,C,A,G,C,C,C,G,T,G,T,T,A,G,G,A,T,G,C,A,C,A,G,C,C,A,C,T,C,T,C,ERR4810531,ERR4810531,S
21,T,T,T,G,T,T,C,C,C,G,C,T,T,G,A,G,C,A,C,C,A,T,C,A,G,C,C,C,G,T,A,C,T,G,G,G,A,T,G,C,A,C,A,G,C,C,A,C,T,C,T,C,ERR4810535,ERR4810535,S
22,T,T,T,G,T,T,C,C,C,G,C,T,T,G,A,G,C,A,C,C,A,T,C,A,G,C,C,C,G,T,G,C,T,G,G,G,A,T,G,C,A,C,A,G,C,C,A,C,T,C,T,C,ERR4810536,ERR4810536,S
23,T,T,T,G,T,T,C,C,C,G,C,T,T,G,A,G,C,A,C,C,A,T,C,A,G,T,C,C,G,T,G,C,T,G,G,G,A,T,G,C,A,C,A,G,C,C,A,C,T,C,T,C,ERR4810549,ERR4810549,S
24,T,T,T,G,T,T,C,C,C,G,C,T,T,G,A,G,C,A,C,C,A,T,C,A,G,C,C,C,G,T,G,C,T,G,G,G,A,T,G,C,A,C,A,G,C,C,A,C,T,C,T,C,ERR4810552,ERR4810552,S
25,T,T,T,G,T,T,C,C,C,G,C,T,T,G,A,G,C,A,C,C,A,T,C,A,G,C,C,C,G,T,G,C,T,G,G,G,A,T,G,C,A,C,A,G,C,C,A,C,T,C,T,C,ERR4810553,ERR4810553,S
26,T,T,T,G,T,T,C,C,C,G,C,T,T,G,A,G,C,A,C,C,A,T,C,A,G,T,C,C,G,T,G,C,T,G,G,G,A,T,G,C,A,C,A,G,C,C,A,C,T,C,T,C,ERR4810570,ERR4810570,S
27,T,T,T,G,T,T,C,C,C,G,C,T,T,G,A,G,C,A,C,C,A,T,C,A,G,C,C,C,G,T,G,C,T,G,G,G,A,T,G,C,A,C,A,G,C,C,A,C,T,C,G,C,ERR4810584,ERR4810584,S
28,T,T,T,G,T,T,C,C,C,G,C,T,T,G,A,G,C,A,C,C,A,T,C,A,G,C,C,C,G,T,G,C,T,G,G,G,A,T,G,C,A,C,A,G,C,C,A,C,T,C,T,C,ERR4810616,ERR4810616,S
29,T,T,T,G,T,T,C,C,C,G,C,T,T,G,A,G,C,A,C,C,A,T,C,A,G,C,C,C,G,T,G,C,T,G,G,G,A,T,G,C,A,C,A,G,C,C,A,C,T,C,T,C,ERR4810786,ERR4810786,S
30,T,T,T,G,T,T,C,C,C,G,C,T,T,G,A,G,C,A,C,T,A,T,C,A,G,C,C,C,G,T,G,C,T,G,G,G,A,T,G,C,A,C,A,G,C,C,A,C,T,C,T,C,ERR4810789,ERR4810789,R
31,T,T,T,G,T,T,C,C,C,G,C,T,C,G,A,G,C,G,C,C,A,T,C,A,G,C,C,C,G,T,G,C,T,G,G,G,A,T,G,C,A,C,A,G,C,C,A,C,T,C,T,C,ERR4810790,ERR4810790,R
32,T,T,T,G,T,T,C,C,C,G,C,T,T,G,G,G,C,A,C,C,C,T,C,A,G,C,C,C,G,T,G,C,T,G,G,G,A,T,G,C,A,C,A,G,C,C,A,C,T,C,T,C,ERR4810791,ERR4810791,R
33,T,T,T,G,T,T,C,C,C,G,C,T,T,G,A,G,C,A,C,T,A,T,C,A,G,C,C,C,G,T,G,C,T,G,G,G,A,T,G,C,A,C,A,G,C,C,A,C,T,C,T,C,ERR4810792,ERR4810792,R
34,T,T,T,G,T,T,C,C,C,A,C,T,T,G,A,G,C,A,C,T,A,T,C,A,G,C,C,C,G,T,G,C,T,G,G,G,A,T,G,C,A,C,A,G,C,C,A,C,T,G,T,C,ERR4810794,ERR4810794,R
35,T,T,T,G,T,T,C,C,C,G,C,T,T,G,A,G,C,A,C,C,A,T,C,A,G,C,C,C,G,T,G,C,T,G,G,G,A,T,G,C,A,C,A,G,C,C,A,C,T,C,T,C,ERR4810866,ERR4810866,R
36,T,T,T,G,T,T,C,C,C,G,C,T,T,G,G,G,C,A,C,C,C,T,C,A,G,C,C,C,G,T,G,C,T,G,G,G,A,T,G,C,A,C,A,G,C,C,A,C,T,C,T,C,ERR4810867,ERR4810867,R
37,T,T,T,G,A,T,C,C,C,G,C,T,T,G,A,G,C,A,C,C,A,T,C,A,G,T,C,C,G,T,G,C,T,G,G,G,A,T,G,C,A,C,A,G,C,C,A,C,T,C,T,C,ERR4810877,ERR4810877,S
38,T,T,T,G,T,T,C,C,C,G,C,T,T,G,A,G,C,A,C,C,A,T,C,A,G,T,C,C,G,T,G,C,T,G,G,G,A,T,G,C,A,C,A,G,C,C,A,C,T,C,T,C,ERR4810879,ERR4810879,S
39,T,T,T,G,T,T,C,C,C,G,C,T,T,G,A,G,C,A,C,C,A,T,C,A,G,T,C,C,G,T,G,C,T,G,G,G,A,T,G,C,A,C,A,G,C,C,A,C,T,C,T,C,ERR4810880,ERR4810880,S
40,T,T,T,G,T,T,C,C,C,G,C,T,T,G,A,G,C,A,C,C,A,T,C,A,G,T,C,C,G,T,G,C,T,G,G,G,A,T,G,C,A,C,A,G,C,C,A,C,T,C,T,C,ERR4810881,ERR4810881,S
41,T,T,T,G,T,T,C,C,C,G,C,T,T,G,A,G,C,A,C,C,A,T,C,A,G,T,C,C,G,T,G,C,T,G,G,G,A,T,G,C,A,C,A,G,C,C,A,C,T,C,T,C,ERR4810882,ERR4810882,S
42,T,T,T,G,T,T,C,C,C,G,C,T,T,G,A,G,C,A,C,C,A,T,C,A,G,T,C,C,G,T,G,C,T,G,G,G,A,T,G,C,A,C,A,G,C,C,A,C,T,C,T,C,ERR4810883,ERR4810883,S
43,T,T,T,C,T,T,C,C,C,G,C,T,T,G,A,G,C,A,C,C,A,T,C,A,G,T,C,C,G,T,G,C,T,G,G,G,A,T,G,C,A,C,A,G,C,C,A,C,T,C,T,C,ERR4810887,ERR4810887,S
44,T,T,C,G,T,T,C,C,C,G,C,T,T,G,A,G,C,A,C,C,A,T,C,A,G,T,C,C,G,T,G,C,T,G,G,G,A,T,G,C,A,C,A,G,C,C,A,C,T,C,T,C,ERR4810888,ERR4810888,S
45,T,T,T,G,T,T,C,C,C,G,C,T,T,G,A,G,C,A,C,C,A,T,C,A,G,T,C,C,G,T,G,C,T,G,G,G,A,T,G,C,A,C,A,G,C,C,A,C,T,C,T,C,ERR4810890,ERR4810890,S
46,T,T,T,G,T,T,C,C,C,G,C,T,C,G,A,G,C,A,C,C,A,T,C,A,G,C,C,C,G,T,G,C,T,G,G,G,A,T,G,C,A,C,A,G,C,C,A,C,T,C,T,C,ERR4810891,ERR4810891,S
47,T,T,T,G,T,T,C,C,C,G,C,T,T,G,A,G,C,A,C,C,A,T,C,A,G,C,C,C,G,T,G,C,T,G,G,G,A,T,G,C,A,C,A,G,C,C,A,C,T,C,T,C,ERR4810892,ERR4810892,S
48,T,T,T,G,T,T,A,C,C,G,C,T,T,G,A,G,C,A,C,C,A,T,C,A,G,C,C,C,G,T,G,C,T,G,G,G,A,T,G,C,A,C,A,G,C,C,A,C,T,C,T,C,ERR4810894,ERR4810894,S
49,T,T,T,G,T,T,C,C,C,G,C,T,T,G,A,G,C,A,C,C,A,T,C,A,G,T,C,C,G,T,G,C,T,G,G,G,A,T,G,C,A,C,A,G,C,C,A,C,T,C,T,T,ERR4810896,ERR4810896,S
50,T,T,T,G,T,T,C,C,C,G,C,T,T,G,A,G,T,A,C,C,A,T,C,A,G,C,C,C,G,T,G,C,T,G,G,G,A,T,G,C,A,C,A,G,C,C,A,C,T,C,T,C,ERR4810924,ERR4810924,R
51,T,T,T,G,T,T,C,C,C,G,C,T,T,G,A,A,T,G,C,C,A,T,C,A,G,T,C,C,G,T,G,C,T,G,G,G,A,T,G,C,A,C,A,G,C,C,A,C,T,C,T,C,ERR4810925,ERR4810925,R
52,T,T,T,G,T,T,C,C,C,G,C,T,T,G,A,G,C,A,C,T,A,T,C,A,G,C,C,C,G,T,G,C,T,G,G,T,A,T,G,C,A,C,A,G,C,C,A,C,T,C,T,C,ERR4810926,ERR4810926,R
53,T,T,T,G,T,T,C,C,C,G,C,T,T,G,A,G,C,A,C,T,A,T,C,A,G,C,C,C,G,T,G,C,T,G,G,G,A,T,G,C,A,C,A,G,C,C,A,C,T,C,T,C,ERR4810927,ERR4810927,R
54,T,C,T,G,T,T,C,C,C,G,C,T,T,G,A,G,C,A,C,T,A,T,C,A,C,C,C,C,G,T,G,C,T,G,G,G,A,G,G,C,A,C,A,G,C,C,A,C,T,C,T,C,ERR4810928,ERR4810928,R
55,T,T,T,G,T,T,C,C,C,G,C,T,T,G,A,G,C,A,C,T,A,T,C,A,G,C,C,C,G,T,G,C,T,G,C,G,A,T,G,C,A,C,A,G,C,C,A,C,T,C,T,C,ERR4810929,ERR4810929,R
56,T,T,T,G,T,T,C,C,C,G,C,T,T,G,A,G,C,A,C,T,A,T,C,A,G,C,C,C,A,T,G,C,T,G,G,G,A,T,G,C,A,C,A,G,C,C,A,C,T,C,T,C,ERR4810930,ERR4810930,R
57,T,T,T,G,T,T,C,C,C,G,C,T,C,G,G,G,C,A,C,C,A,T,C,A,G,C,C,C,G,T,G,C,T,G,G,G,A,T,G,C,A,C,A,G,C,C,A,C,T,C,T,C,ERR4810931,ERR4810931,R
58,T,T,T,G,T,T,C,C,C,G,C,T,T,G,A,G,C,A,C,C,A,T,C,A,G,C,C,C,G,T,G,C,T,G,G,G,A,T,G,C,A,C,A,G,C,C,A,C,T,C,T,C,ERR4810932,ERR4810932,R
59,T,T,T,G,T,T,C,C,C,G,C,T,T,G,G,G,C,A,C,C,C,T,C,A,G,C,C,C,G,T,G,C,T,G,G,G,A,T,G,C,A,C,A,G,C,C,A,C,T,C,T,C,ERR4810933,ERR4810933,R
60,T,T,T,G,T,T,C,C,C,G,C,T,T,G,G,G,C,A,C,C,C,T,C,A,G,C,C,C,G,T,G,C,T,G,G,G,A,T,G,C,A,C,A,G,C,C,A,C,T,C,T,C,ERR4810934,ERR4810934,R
61,T,T,T,G,T,T,C,C,C,G,C,T,T,G,A,G,C,A,C,C,A,T,C,A,G,T,C,C,G,T,G,C,T,G,G,G,A,T,G,C,A,C,A,G,C,C,A,C,T,C,T,C,ERR4810935,ERR4810935,R
62,T,T,T,G,T,T,C,C,C,G,C,T,T,G,A,G,C,A,C,C,A,T,C,A,G,T,C,C,G,T,G,C,T,G,G,G,A,T,G,C,A,C,A,G,C,C,A,C,T,C,T,C,ERR4810936,ERR4810936,R
63,T,T,T,G,T,T,C,C,C,G,C,T,T,G,A,G,C,A,C,T,A,T,C,A,G,C,C,C,G,T,G,C,T,G,G,G,A,T,G,C,G,C,A,G,C,C,A,C,T,C,T,C,ERR4810937,ERR4810937,R
64,T,T,T,G,T,T,C,C,C,G,C,T,C,G,G,G,C,A,C,C,A,T,C,A,G,C,C,C,G,T,G,C,T,G,G,G,A,T,G,C,A,C,A,G,C,C,A,C,T,C,T,C,ERR4810938,ERR4810938,R
65,T,T,T,G,T,T,C,C,C,G,C,T,T,G,A,G,C,A,C,T,A,T,C,A,G,C,C,C,G,T,G,C,T,G,G,G,A,T,G,C,A,C,A,G,C,C,A,C,T,C,T,C,ERR4810939,ERR4810939,R
66,T,T,T,G,T,T,C,C,C,G,C,T,T,G,A,G,C,A,C,T,A,T,C,A,G,C,C,C,G,T,G,C,T,G,G,G,A,T,G,C,A,C,A,G,C,C,A,C,C,C,T,C,ERR4810940,ERR4810940,R
67,T,T,T,G,T,T,C,C,C,G,C,T,T,G,A,G,C,A,C,T,A,T,C,A,G,C,C,C,G,T,G,C,T,G,G,G,A,T,G,C,A,C,A,A,C,C,A,C,T,C,T,C,ERR4810941,ERR4810941,R
68,T,T,T,G,T,T,C,C,C,G,T,T,T,G,A,G,C,A,C,T,A,T,C,A,G,C,C,C,G,T,G,C,T,G,G,G,A,T,G,C,A,C,A,G,C,C,A,C,T,C,T,C,ERR4810942,ERR4810942,R
69,C,T,T,G,T,T,C,C,C,G,T,T,T,G,A,G,C,A,C,T,A,T,C,A,G,C,C,C,G,T,G,C,T,G,G,G,A,T,G,C,A,T,A,G,C,C,A,C,T,C,T,C,ERR4810943,ERR4810943,R
70,T,T,T,G,T,T,C,C,C,G,C,T,T,G,A,G,C,A,C,T,A,T,C,A,G,T,C,C,G,T,G,C,T,G,G,G,A,T,C,C,A,C,A,G,C,C,A,C,T,C,T,C,ERR4810944,ERR4810944,R
71,T,T,T,G,T,T,C,C,C,G,C,T,T,G,A,G,C,A,C,C,A,T,C,A,G,C,C,C,G,T,G,C,T,G,G,G,A,T,G,G,A,C,A,G,C,C,A,C,T,C,T,C,ERR4810945,ERR4810945,R
72,T,T,T,G,T,T,C,C,C,G,C,T,T,G,A,G,C,A,C,T,A,T,C,A,G,C,C,C,G,T,G,C,T,G,G,G,A,T,G,C,A,C,A,G,C,C,A,C,T,C,T,C,ERR4810946,ERR4810946,R
73,T,T,T,G,T,T,C,C,C,G,C,T,T,G,A,G,C,A,C,T,A,T,C,A,G,C,C,C,G,T,G,C,T,G,G,G,A,T,G,C,A,C,C,G,C,C,A,C,T,C,T,C,ERR4810947,ERR4810947,R
74,T,T,T,G,T,T,C,C,C,G,C,T,T,G,G,G,C,A,C,C,C,T,C,A,G,C,C,C,G,T,G,C,T,G,G,G,A,T,G,C,A,C,A,G,C,C,A,C,T,C,T,C,ERR4810948,ERR4810948,R
75,T,T,T,G,T,T,C,C,C,G,T,T,T,G,A,G,C,A,C,T,A,T,C,A,G,C,C,C,G,T,G,C,T,G,G,G,A,T,G,C,A,C,A,G,C,C,A,C,T,C,T,C,ERR4810949,ERR4810949,R
76,T,T,T,G,T,T,C,C,C,G,C,T,T,G,A,G,C,A,C,C,A,T,C,A,G,C,C,C,G,T,G,C,T,G,G,G,A,T,G,C,A,C,A,G,C,C,A,C,T,C,T,C,ERR4810950,ERR4810950,R
77,T,T,T,G,T,T,C,C,C,G,C,T,T,G,G,G,C,A,C,C,C,T,C,A,G,C,C,C,G,T,G,C,T,G,G,G,A,T,G,C,A,C,A,G,C,C,A,C,T,C,T,C,ERR4810951,ERR4810951,R
78,T,T,T,G,T,T,C,G,C,G,C,T,T,G,A,G,C,A,C,T,A,T,C,A,G,T,C,C,G,T,G,C,T,G,G,G,A,T,G,C,A,C,A,G,C,C,A,C,T,C,T,C,ERR4810952,ERR4810952,R
79,T,T,T,G,T,T,C,C,C,G,C,T,T,G,A,G,C,A,C,T,A,T,C,A,G,C,C,C,G,G,G,C,T,G,G,G,A,T,G,C,A,C,A,G,C,C,A,C,T,C,T,C,ERR4810953,ERR4810953,R
80,T,T,T,G,T,T,C,C,C,G,C,T,T,G,A,G,C,A,C,T,A,T,C,A,G,C,C,C,G,T,G,C,T,G,G,G,A,T,G,C,A,C,A,G,C,C,A,C,T,C,T,C,ERR4810954,ERR4810954,R
81,T,T,T,G,T,T,C,C,C,G,C,T,T,G,A,G,C,A,C,T,A,T,C,A,G,C,C,C,G,T,G,C,G,G,G,G,A,T,G,C,A,C,A,G,C,C,A,C,T,C,T,C,ERR4810959,ERR4810959,R
82,T,T,T,G,T,T,C,C,C,G,T,T,T,G,A,G,C,A,C,T,A,T,C,A,G,C,C,C,G,T,G,C,T,G,G,G,A,T,G,C,A,C,A,G,C,C,A,C,T,C,T,C,ERR4810970,ERR4810970,R
83,T,T,T,G,T,T,C,C,C,G,C,T,T,G,A,G,C,A,C,C,A,T,C,A,G,C,C,C,G,T,G,C,T,G,G,G,A,T,G,C,A,C,A,G,C,C,A,C,T,C,T,C,ERR4810981,ERR4810981,R
84,T,T,T,G,T,T,C,C,C,G,C,T,T,G,A,G,C,A,C,T,A,T,C,A,G,C,C,C,G,T,G,C,G,G,G,G,A,T,G,C,A,C,A,G,C,C,A,C,T,C,T,C,ERR4810991,ERR4810991,R
85,T,T,T,G,T,T,C,C,C,G,C,T,T,G,A,G,C,A,C,T,A,T,C,A,G,T,C,C,G,T,G,C,T,G,G,G,G,T,G,C,A,C,A,G,C,C,A,C,T,C,T,C,ERR4811002,ERR4811002,R
86,T,T,T,G,T,T,C,C,C,G,C,T,T,G,A,G,C,A,C,C,A,T,C,A,G,T,C,C,G,T,G,C,T,G,G,G,A,T,G,C,A,C,A,G,C,C,A,C,T,C,T,C,ERR4811003,ERR4811003,S
87,T,T,T,G,T,T,C,C,C,G,C,G,T,G,A,G,T,A,C,C,A,T,C,A,G,C,C,C,G,T,G,C,T,G,G,G,A,T,G,C,A,C,A,G,C,C,A,C,T,C,T,C,ERR4811045,ERR4811045,R
88,T,T,T,G,T,T,C,C,T,G,C,T,T,G,A,G,C,A,C,C,A,T,C,A,G,T,C,C,G,T,G,C,T,G,G,G,A,T,G,C,A,C,A,G,C,C,A,C,T,C,T,C,ERR4811047,ERR4811047,S
89,T,T,T,G,T,T,C,C,C,G,C,T,T,G,A,G,C,A,C,C,A,T,C,A,G,C,C,C,G,T,G,C,T,G,G,G,A,T,G,C,A,C,A,G,C,C,A,C,T,C,T,C,ERR4811048,ERR4811048,S
90,T,T,T,G,T,T,C,C,C,G,C,T,T,G,A,G,C,A,C,C,A,T,C,A,G,C,C,C,G,T,G,C,T,G,G,G,A,T,G,C,A,C,A,G,C,C,A,C,T,C,T,C,ERR4811049,ERR4811049,S
91,T,T,T,G,T,T,C,C,C,G,C,T,T,G,A,G,C,A,C,C,A,T,C,A,G,C,C,C,G,T,G,C,T,G,G,G,A,T,G,C,A,C,A,G,C,C,A,C,T,C,T,C,ERR4811053,ERR4811053,S
92,T,T,T,G,T,T,C,C,C,G,C,T,T,G,A,G,C,A,C,C,A,T,C,A,G,T,C,C,G,T,G,C,T,G,G,G,A,T,G,C,A,C,A,G,C,C,A,C,T,C,T,C,ERR4811054,ERR4811054,S
93,T,T,T,G,T,T,C,C,C,G,C,T,T,G,A,G,C,A,C,C,A,T,C,A,G,C,C,C,G,T,G,C,T,G,G,G,A,T,G,C,A,C,A,G,C,C,A,C,T,C,T,C,ERR4811065,ERR4811065,S
94,T,T,T,G,T,T,C,C,C,G,C,T,T,G,A,G,C,A,C,T,A,T,T,A,G,C,C,C,G,T,G,C,T,G,G,G,A,T,G,C,A,C,A,G,C,C,A,C,T,C,T,C,ERR4811066,ERR4811066,R
95,T,T,T,G,T,T,C,C,C,G,C,T,T,G,A,G,C,A,C,C,A,T,C,A,G,T,C,C,G,T,G,C,T,G,G,G,A,T,G,C,A,C,A,G,C,T,A,C,T,C,T,C,ERR4811109,ERR4811109,S
96,T,T,T,G,T,T,C,C,C,G,C,T,T,G,A,G,C,A,C,C,A,T,C,A,G,T,C,C,G,T,G,C,T,G,G,G,A,T,G,C,A,C,A,G,C,C,A,C,T,C,T,C,ERR4811135,ERR4811135,S
97,T,T,T,G,T,T,C,C,C,G,C,T,T,G,A,G,C,A,C,C,A,T,C,A,G,C,C,C,G,T,G,C,T,G,G,G,A,T,G,C,A,C,A,G,C,C,A,C,T,C,T,C,ERR4811141,ERR4811141,S
